Possible corner enclosure layout,,,,,
Door side,Hinge Side,Mounting Type,Hinge Model,Door Seal,Close against
Left,Left,Wall mounted,Bevel 90° Wall to Glass Hinge — Full Plate,All Seals,Return panel
,,,Bevel 90° Wall to Glass Hinge — Half Plate,,
,,Pivot,Bevel 360° Glass to Wall Pivot Hinge,,
,Right,Glass mounted,Bevel 90° Glass to Glass Hinge,No hard lip seal,Wall
,,Pivot,Bevel 360° Glass to Wall Pivot Hinge,,
Right,Left,Glass mounted,Bevel 90° Glass to Glass Hinge,No hard lip seal,Wall
,,Pivot,Bevel 360° Glass to Wall Pivot Hinge,,
,Right,Wall mounted,Bevel 90° Wall to Glass Hinge — Full Plate,All Seals,Return panel
,,,Bevel 90° Wall to Glass Hinge — Half Plate,,
,,Pivot,Bevel 360° Glass to Wall Pivot Hinge,,